{
  "images" : [
    {
      "idiom" : "iphone",
      "scale" : "1x",
      "filename" : "button_1x.png"
    },
    {
      "idiom" : "iphone",
      "scale" : "2x",
      "filename" : "button_2x.png"
    },
    {
      "idiom" : "iphone",
      "filename" : "button_2xRetina.png",
      "subtype" : "retina4",
      "scale" : "2x"
    },
    {
      "idiom" : "iphone",
      "scale" : "3x",
      "filename" : "button_3x.png"
    }
  ],
  "info" : {
    "version" : 1,
    "author" : "xcode"
  }
}